"id","experiment_id","sample_name_abbreviation","time_point","met_id","fragment_id","fragment_formula","intensity_normalized_average","intensity_normalized_cv","intensity_normalized_stdev","intensity_normalized_units","scan_type","met_elements","met_atompositions","used_","comment_"
5422,"ALEWt01","OxicEvo05Ecoli13CGlc","0","6pgc_c","6pgc_c_C6H10O9P_EPI","C6H10O9P-","{0.0609282255965275,0.688834843597786,0.0930349334949567,0.0464897382775786,0.0342646012270786,0.0121907388128752,0.159263738838684}","{12.7507272068494,5.88831342510017,5.95641559231636,0.733146156952135,7.87585010800115,0,8.9524514246212}","{0.00776879183778701,0.0405607545723362,0.00554154728499476,0.000340837729559173,0.00269862863274903,0,0.0142580088565688}","normSum","EPI","{C,C,C,C,C,C}","{0,1,2,3,4,5}",True,NULL
5423,"ALEWt01","OxicEvo05Ecoli13CGlc","0","6pgc_c","6pgc_c_C6H12O10P_EPI","C6H12O10P-","{0.0582621899675458,0.657751081201118,0.0947196507876175,0.0437950288041392,0.0262372929285909,0.012571764607216,0.152079589716227}","{14.3647687479896,7.3218908065116,19.5937001262054,7.05591431345371,56.9742085546527,4.15674844324637,9.90322915373453}","{0.00836922885635235,0.0481598159441953,0.0185590843359147,0.00309013970597243,0.0149484899922305,0.000522576629599049,0.0150607902656573}","normSum","EPI","{C,C,C,C,C,C}","{0,1,2,3,4,5}",True,NULL
5424,"ALEWt01","OxicEvo05Ecoli13CGlc","0","accoa_c","accoa_c_C10H12N5O9P2_EPI","C10H12N5O9P2-","{0.0469230320976754,0.157652360655744,0.274576040080909,0.231309275641288,0.149803885067022,0.0768372641837187,0.0422716518784692,0.0197119189353138,0.00629983692361831,0,0}","{40.8091854831758,13.3559302360608,11.6243422073028,9.46196202496089,14.3441479351052,31.6273019983301,44.3795387453625,48.0442233160177,14.2469964740571,0,0}","{0.0191489072030705,0.0210559393046841,0.0319176585182658,0.0218863958213908,0.0214880908865486,0.0243015535906394,0.01875996412371,0.00947043835315454,0.000897537544379248,0,0}","normSum","EPI","{C,C,C,C,C,C,C,C,C,C}","{0,1,2,3,4,5,6,7,8,9}",True,NULL
5425,"ALEWt01","OxicEvo05Ecoli13CGlc","0","accoa_c","accoa_c_C10H14N5O10P2_EPI","C10H14N5O10P2-","{0.041556838805125,0.178443950478409,0.247245432951371,0.236916007094631,0.146944997450523,0.0881436619808741,0.0523865869047659,0.0186373019225481,0.0280125252203874,0,0}","{42.0158124008821,13.232004723194,14.3768587229067,10.6389910114079,21.9297960278858,32.858234794103,52.6039300391517,62.7948632428136,0,0,0}","{0.0174604434320983,0.023611711955557,0.0355461265942576,0.0252054726993843,0.0322247382140817,0.0289624514097961,0.0275574035252825,0.0117032682544143,0,0,0}","normSum","EPI","{C,C,C,C,C,C,C,C,C,C}","{0,1,2,3,4,5,6,7,8,9}",True,NULL
5426,"ALEWt01","OxicEvo05Ecoli13CGlc","0","accoa_c","accoa_c_C13H23N2O10P2S_EPI","C13H23N2O10P2S-","{0.0184194197668662,0.0130499464673019,0.0688268798501882,0.168038308426747,0.221491701065031,0.231164906739688,0.172937455059922,0.0848855826325123,0.0363900352061938,0.0150505969276512,0,0,0.007420501033129,0}","{22.6701007020252,31.0986718998407,27.7957312957821,26.6082257153677,8.40366467886518,10.2183928137433,7.88246350219745,19.7259693050089,55.5124885705453,20.6146608187807,0,0,11.7962131809187,0}","{0.0041757010098773,0.00405836003497107,0.0191309345824291,0.0447120123944746,0.0186134198490197,0.0236213382181847,0.0136317317767275,0.0167445039744673,0.0202010141346557,0.00310262950783712,0,0,0.000875338120960171,0}","normSum","EPI","{C,C,C,C,C,C,C,C,C,C,C,C,C}","{10,11,12,13,14,15,16,17,18,19,20,21,22}",True,NULL
5427,"ALEWt01","OxicEvo05Ecoli13CGlc","0","acon_DASH_C_c","acon_DASH_C_c_C4H3O4_EPI","C4H3O4-","{0.537136561099112,0.292675840968084,0.0873867622519936,0.0232321808115894,0.10702515171923}","{7.3105808806073,11.2646320536086,21.3312920690033,61.1860864772003,81.3721593556389}","{0.0392678027384632,0.0329688565948593,0.0186407254856183,0.0142148622419186,0.0870886770075861}","normSum","EPI","{C,C,C,C}","{2,3,4,5}",True,NULL
5428,"ALEWt01","OxicEvo05Ecoli13CGlc","0","acon_DASH_C_c","acon_DASH_C_c_C4H5O2_EPI","C4H5O2-","{0.315818425236913,0.36814437533486,0.233531342317086,0.063615982147062,0.0226678499568941}","{17.1565686647042,7.56860972483777,25.6895114698739,20.6463416369134,57.2705781211472}","{0.0541836049815585,0.0278634109930375,0.0599930609702983,0.0131343730097603,0.0129820087179475}","normSum","EPI","{C,C,C,C}","{0,1,2,3}",True,NULL
5429,"ALEWt01","OxicEvo05Ecoli13CGlc","0","acon_DASH_C_c","acon_DASH_C_c_C5H3O3_EPI","C5H3O3-","{0.119902095146119,0.165249758378077,0.162450331930297,0.124322914102642,0.262316387493682,0.165758512949184}","{37.8621897902854,6.73851442778043,24.3950759055485,13.6931570820515,18.5282934316944,15.495368467874}","{0.0453975588267522,0.011135378810179,0.0396298817832114,0.0170237319170587,0.0486027499942499,0.0256848923483447}","normSum","EPI","{C,C,C,C,C}","{0,1,2,3,4}",True,NULL
5430,"ALEWt01","OxicEvo05Ecoli13CGlc","0","acon_DASH_C_c","acon_DASH_C_c_C5H5O4_EPI","C5H5O4-","{0.173862471486064,0.246456431992704,0.249230508410285,0.230119056431933,0.0835821531365371,0.0251240678137161}","{24.8369003560623,30.1304778133626,11.1137365556304,20.1085951776484,43.6257156376854,55.5403533430539}","{0.043182048799581,0.0742585005611668,0.0276988221209773,0.0462737094845217,0.0364633124512004,0.0139539960378864}","normSum","EPI","{C,C,C,C,C}","{0,1,2,3,4}",True,NULL
5431,"ALEWt01","OxicEvo05Ecoli13CGlc","0","acon_DASH_C_c","acon_DASH_C_c_C6H3O5_EPI","C6H3O5-","{0.143415672156985,0.265027137962277,0.27746089666043,0.198614807362079,0.10479024442151,0.0329433212116532,0.00422108698356113}","{8.61701227665156,7.7797680582153,7.95526743439885,8.94502884874819,8.50614437354466,44.5434373538775,0}","{0.0123581460764098,0.0206184966247914,0.0220727563552182,0.0177661518164236,0.00891360947988397,0.0146740876461994,0}","normSum","EPI","{C,C,C,C,C,C}","{0,1,2,3,4,5}",True,NULL
5432,"ALEWt01","OxicEvo05Ecoli13CGlc","0","acon_DASH_C_c","acon_DASH_C_c_C6H5O6_EPI","C6H5O6-","{0.133765610889237,0.274509929815671,0.28769761860651,0.207685719482954,0.118607520914992,0.0306419512321193,0.000747366767765612}","{4.80776248963936,6.51590040388603,11.6114916746601,7.35305494780932,10.8241570752046,70.6222344566308,53.4121609572017}","{0.00643113286436968,0.0178867936255666,0.0334059850326903,0.0152712450723347,0.0128382643668449,0.0216400306412338,0.000399184740939605}","normSum","EPI","{C,C,C,C,C,C}","{0,1,2,3,4,5}",True,NULL
5433,"ALEWt01","OxicEvo05Ecoli13CGlc","0","akg_c","akg_c_C2HO3_EPI","C2HO3-","{0.240180008631697,0.473660369474546,0.286159621893757}","{21.5638991362837,14.7178673534869,22.0706112609412}","{0.0517921748068566,0.0697127048852996,0.0631571777339503}","normSum","EPI","{C,C}","{0,1}",True,NULL
5434,"ALEWt01","OxicEvo05Ecoli13CGlc","0","amp_c","amp_c_C5H4N5_EPI","C5H4N5-","{0.0611917258754196,0.330405469907951,0.311890962759914,0.197604045534095,0.0721215557878248,0.0388064994327663}","{43.599010982704,7.28166612572697,15.6889162401027,9.76132892465923,26.2970292462789,35.8944624384512}","{0.0266789872849303,0.0240590231798363,0.0489323119078528,0.0192887808530164,0.0189658266183956,0.0139293843625721}","normSum","EPI","{C,C,C,C,C}","{5,6,7,8,9}",True,NULL
5435,"ALEWt01","OxicEvo05Ecoli13CGlc","0","asp_DASH_L_c","asp_DASH_L_c_C3H3O2_EPI","C3H3O2-","{0.27204179506508,0.308362444769097,0.362588956049716,0.0570068041161066}","{6.89946723692753,21.3302267455186,17.0535075167645,55.6218573769727}","{0.0187694345212647,0.065774408667273,0.0618341348748963,0.031708243280631}","normSum","EPI","{C,C,C}","{1,2,3}",True,NULL
5436,"ALEWt01","OxicEvo05Ecoli13CGlc","0","asp_DASH_L_c","asp_DASH_L_c_C3H6NO2_EPI","C3H6NO2-","{0.272062751081625,0.457282148299495,0.201457507326743,0.0691975932921369}","{11.8422405572019,13.0571017426146,11.854127226398,47.7716523169217}","{0.0322183254496274,0.0597077953542788,0.0238810292256422,0.0330568336791972}","normSum","EPI","{C,C,C}","{1,2,3}",True,NULL
5437,"ALEWt01","OxicEvo05Ecoli13CGlc","0","asp_DASH_L_c","asp_DASH_L_c_C4H3O4_EPI","C4H3O4-","{0.292106255671647,0.361877781745036,0.305398299214815,0.0415070473474957,0.0392835874000116}","{3.34556439329905,7.39900496507712,4.88837958252535,37.4335332227175,4.52664742664648}","{0.00977260288034971,0.0267753550388262,0.0149290281041967,0.0155375543585939,0.00177822949813705}","normSum","EPI","{C,C,C,C}","{0,1,2,3}",True,NULL
5438,"ALEWt01","OxicEvo05Ecoli13CGlc","0","asp_DASH_L_c","asp_DASH_L_c_C4H6NO4_EPI","C4H6NO4-","{0.260253604959931,0.338126394785471,0.206715290234513,0.139154437625834,0.0557502723942522}","{4.52405461655512,2.15892970913119,3.97596964806095,2.75090841684127,12.4431598312129}","{0.0117740152299409,0.00729991119143775,0.00821893719762534,0.0038280111370572,0.00693709550035336}","normSum","EPI","{C,C,C,C}","{0,1,2,3}",True,NULL
1448,"WTEColi_optTrDesign","1-13C80_U-13C20","0","amp_c","amp_c_C10H13N5O7P","C10H13N5O7P-",NULL,NULL,NULL,"normSum","MRM","{C,C,C,C,C,C,C,C,C,C}","{0,1,2,3,4,5,6,7,8,9}",False,NULL
5439,"ALEWt01","OxicEvo05Ecoli13CGlc","0","fdp_c","fdp_c_C6H10O8P_EPI","C6H10O8P-","{0.0549463225698008,0.468531769247075,0.154956121460877,0.117196957854275,0.0716135062265551,0.00981216063487647,0.129484602429792}","{5.42978851391027,2.88044197810001,5.82826963591146,12.2906817324027,41.2332026501615,44.1680700472346,27.212414907754}","{0.00298346911171113,0.0134957857621274,0.00903126057609038,0.0144043050899271,0.0295285421472815,0.00433384198235942,0.0352358872548507}","normSum","EPI","{C,C,C,C,C,C}","{0,1,2,3,4,5}",True,NULL
5440,"ALEWt01","OxicEvo05Ecoli13CGlc","0","fdp_c","fdp_c_C6H13O12P2_EPI","C6H13O12P2-","{0.055660755702083,0.46517931049163,0.163179276782776,0.107942948818993,0.0737005347562759,0.00691884689310105,0.130877750001691}","{4.80521268934534,2.28115520216761,7.03964322825982,2.10981251591069,43.4803915170635,98.9026491853825,25.501395018812}","{0.002674617695982,0.0106114620406872,0.011487238907962,0.00227739384422618,0.0320452810621982,0.00684292287035747,0.0333756520196644}","normSum","EPI","{C,C,C,C,C,C}","{0,1,2,3,4,5}",True,NULL
5441,"ALEWt01","OxicEvo05Ecoli13CGlc","0","fdp_c","fdp_c_C6H8O7P_EPI","C6H8O7P-","{0.0589749443778748,0.500500985216498,0.161795823948089,0.111575185855464,0.102319527384684,0.0172608648892563,0.143084117545543}","{8.62549276927415,6.70398960045022,7.5245568008382,4.98682639731263,10.4257603103512,0,23.5487159473998}","{0.00508687956299704,0.0335535339990649,0.0121744186743581,0.00556406082109091,0.0106675886758113,0,0.0336944724066436}","normSum","EPI","{C,C,C,C,C,C}","{0,1,2,3,4,5}",True,NULL
5442,"ALEWt01","OxicEvo05Ecoli13CGlc","0","g6p_c","g6p_c_C2H4O5P_EPI","C2H4O5P-","{0.606793020853691,0.206857354899613,0.186349624246695}","{6.93663491177189,27.9391655364877,18.3335864501333}","{0.0420910165267324,0.0577942188098027,0.0341645694607664}","normSum","EPI","{C,C}","{4,5}",True,NULL
5443,"ALEWt01","OxicEvo05Ecoli13CGlc","0","g6p_c","g6p_c_C4H8O7P_EPI","C4H8O7P-","{0.707176668557528,0.247629094892927,0.104692893011506,0.0872091658262467,0.157562146575136}","{15.4985055257466,69.6880822086262,0.858063200856203,40.8009455949387,38.1909216222789}","{0.109601815053179,0.17256796722146,0.000898331188843489,0.0355821643025668,0.0601744359048904}","normSum","EPI","{C,C,C,C}","{2,3,4,5}",True,NULL
5444,"ALEWt01","OxicEvo05Ecoli13CGlc","0","g6p_c","g6p_c_C6H12O9P_EPI","C6H12O9P-","{0.0298732116770705,0.621106680553598,0.0734322468101557,0.0644819151871064,0.046023072409458,0.0199051931874945,0.162395256589655}","{19.2465718440836,9.19293855629353,28.4220907846099,29.1956477061756,23.5171835708807,20.3631811388563,5.73008569642085}","{0.00574956914756255,0.0570979555123266,0.0208709798535613,0.0188259127922225,0.0108233304234916,0.00405333054480879,0.00930538736950976}","normSum","EPI","{C,C,C,C,C,C}","{0,1,2,3,4,5}",True,NULL
5445,"ALEWt01","OxicEvo05Ecoli13CGlc","0","glu_DASH_L_c","glu_DASH_L_c_C3H6NO2_EPI","C3H6NO2-","{0.849392539853585,0.150607460146415,0,0}","{7.83253379960674,44.1737465798128,0,0}","{0.0665289577753702,0.0665289577753699,0,0}","normSum","EPI","{C,C,C}","{0,1,2}",True,NULL
5446,"ALEWt01","OxicEvo05Ecoli13CGlc","0","glu_DASH_L_c","glu_DASH_L_c_C4H8NO2_EPI","C4H8NO2-","{0.115630508996552,0.327875273037662,0.337872382455125,0.155611512274517,0.0630103232361436}","{5.57405706031848,2.89691838357685,4.41013435130379,8.30924922236013,9.81922343052432}","{0.0064453105506045,0.00949827905983082,0.014900626002222,0.0129301483735731,0.00618712442285252}","normSum","EPI","{C,C,C,C}","{0,1,2,3}",True,NULL
5447,"ALEWt01","OxicEvo05Ecoli13CGlc","0","glu_DASH_L_c","glu_DASH_L_c_C5H6NO3_EPI","C5H6NO3-","{0.143897946253812,0.269656952346307,0.28920812740014,0.192683048289129,0.0795446790267912,0.0250092466838204}","{8.96790883386364,4.27511784656306,3.22432155442349,4.49056692803471,19.2561309639375,15.5948839671577}","{0.012904636633844,0.011528152494255,0.00932499998890726,0.00865256124240078,0.0153172275682426,0.00390016300140203}","normSum","EPI","{C,C,C,C,C}","{0,1,2,3,4}",True,NULL
5448,"ALEWt01","OxicEvo05Ecoli13CGlc","0","glu_DASH_L_c","glu_DASH_L_c_C5H8NO4_EPI","C5H8NO4-","{0.148991816671225,0.274790953935032,0.291060952378727,0.197322683733623,0.0708967623388944,0.016936830942499}","{7.43869810883655,3.56732791838631,4.02706360414201,1.47070974207592,13.3246459317143,38.7485236408917}","{0.0110830514490436,0.00980269441692446,0.0117212096791128,0.00290204393299605,0.00944674255870665,0.00656277194177208}","normSum","EPI","{C,C,C,C,C}","{0,1,2,3,4}",True,NULL
5449,"ALEWt01","OxicEvo05Ecoli13CGlc","0","icit_c","icit_c_C3HO3_EPI","C3HO3-","{0.0804524825009324,0.176080097577198,0.340585629707835,0.402881790214035}","{14.0741692690432,11.3027569785226,8.26907772603676,4.53554721826573}","{0.0113230185683286,0.0199019055166962,0.0281632904442526,0.0182728938289518}","normSum","EPI","{C,C,C}","{0,1,2}",True,NULL
5450,"ALEWt01","OxicEvo05Ecoli13CGlc","0","icit_c","icit_c_C5H3O3_EPI","C5H3O3-","{0.128108284960426,0.2516173568802,0.277724989460138,0.215234055478179,0.101244776019653,0.026070537201404}","{2.27166330437447,5.86868551909353,1.51205767345499,5.71700157918059,6.3641755430988,14.3901184983087}","{0.00291018889930948,0.0147666313867542,0.00419936201423408,0.0123049343506219,0.00644339527410791,0.00375158119642769}","normSum","EPI","{C,C,C,C,C}","{0,1,2,3,4}",True,NULL
5451,"ALEWt01","OxicEvo05Ecoli13CGlc","0","icit_c","icit_c_C6H5O6_EPI","C6H5O6-","{0.134097099308111,0.259769992286971,0.246764274535973,0.202289709229122,0.107897028942943,0.0407904222020452,0.00839147349483418}","{2.50932192806284,4.54830162059104,2.62142606034121,1.41102949581447,5.06288576100788,3.71207131525305,0.294647353937817}","{0.00336492791783463,0.0118151227689975,0.00646874300029792,0.00285436746422024,0.00546270331490281,0.00151416956193273,2.47252546089222e-005}","normSum","EPI","{C,C,C,C,C,C}","{0,1,2,3,4,5}",True,NULL
5452,"ALEWt01","OxicEvo05Ecoli13CGlc","0","icit_c","icit_c_C6H7O7_EPI","C6H7O7-","{0.136381232599639,0.255714299046667,0.242515786926371,0.206669658792443,0.10843361035187,0.0418288887702921,0.00845652351271824}","{4.14154471386555,5.14494369118062,2.6432724553055,4.12908019834458,5.40916096329397,5.29303099939655,7.18231614701821}","{0.00564828972943503,0.0131563566962482,0.00641035299559214,0.00853355595718507,0.00586534852224364,0.00221401604931466,0.000607374253730354}","normSum","EPI","{C,C,C,C,C,C}","{0,1,2,3,4,5}",True,NULL
5453,"ALEWt01","OxicEvo05Ecoli13CGlc","0","mal_DASH_L_c","mal_DASH_L_c_C4H3O4_EPI","C4H3O4-","{0.262814927653703,0.360572660894146,0.232829724636666,0.142850076136481,0.00155435113167394}","{2.1134856969006,3.02392172489052,4.39316050256755,3.34874591772839,29.7368950650142}","{0.00555455590528067,0.0109034350267939,0.0102285835009748,0.0047836860930923,0.00046221576496774}","normSum","EPI","{C,C,C,C}","{0,1,2,3}",True,NULL
5454,"ALEWt01","OxicEvo05Ecoli13CGlc","0","mal_DASH_L_c","mal_DASH_L_c_C4H5O5_EPI","C4H5O5-","{0.274070231831666,0.370976067813446,0.240666838449826,0.142858577381327,0}","{5.70370674099054,7.39349971637491,6.44386564711181,2.34196667044112,0}","{0.0156321622880311,0.0274281145216059,0.0155082477268584,0.00334570026813702,0}","normSum","EPI","{C,C,C,C}","{0,1,2,3}",True,NULL
5455,"ALEWt01","OxicEvo05Ecoli13CGlc","0","3pg_c","3pg_c_C2H6O5P_EPI","C2H6O5P-","{0.614397556408208,0.339516501317539,0.046085942274253}","{0,0,0}","{0,0,0}","normSum","EPI","{C,C}","{1,2}",True,NULL
5456,"ALEWt01","OxicEvo05Ecoli13CGlc","0","3pg_c","3pg_c_C3H6O7P_EPI","C3H6O7P-","{0.436327906897277,0.352217872268831,0.0421582338968854,0.169295986937007}","{2.72959832802129,3.60611202410982,9.31658714551827,1.85257599141445}","{0.0119099992513584,0.0127013710429501,0.00392770860001475,0.00313633680842314}","normSum","EPI","{C,C,C}","{0,1,2}",True,NULL
1446,"WTEColi_optTrDesign","1-13C80_U-13C20","0","akg_c","akg_c_C4H5O3","C4H5O3-",NULL,NULL,NULL,"normSum","MRM","{C,C,C,C}","{0,1,2,3}",True,NULL
5457,"ALEWt01","OxicEvo05Ecoli13CGlc","0","ump_c","ump_c_C4H3N2O2_EPI","C4H3N2O2-","{0.146897007207001,0.317808472354447,0.361366352127022,0.162304588936541,0.110211242905743}","{51.7285386374051,24.3283794169489,27.7715438208393,20.312611198306,22.0523747897426}","{0.0759876751302653,0.077317650973599,0.100357014834724,0.0329683001076884,0.024304196346008}","normSum","EPI","{C,C,C,C}","{5,6,7,8}",True,NULL
5458,"ALEWt01","OxicEvo05Ecoli13CGlc","0","ump_c","ump_c_C9H12N2O9P_EPI","C9H12N2O9P-","{0.0782852605378035,0.151310233262934,0.20912427587389,0.204104732271228,0.159750324069963,0.117018689089436,0.0804064848947448,0,0,0}","{15.9611775669113,21.9947139254515,7.29134996495223,11.1400841365632,13.6710004792182,18.6291144234163,10.2795230821008,0,0,0}","{0.012495249443158,0.0332802529461157,0.0152479828156375,0.0227374389017219,0.0218394675691573,0.0217995454872528,0.00826540317426119,0,0,0}","normSum","EPI","{C,C,C,C,C,C,C,C,C}","{0,1,2,3,4,5,6,7,8}",True,NULL
5459,"ALEWt01","OxicEvo05Ecoli13CGlc","0","13dpg_c","13dpg_c_C3H7O10P2_MRM","C3H7O10P2-","{0.525488427568272,0.283816512515663,0.0402046534255143,0.150490406490551}","{18.9671578320023,26.3953154420985,50.7493316786715,22.5572851781149}","{0.0996702194457812,0.0749142637552722,0.0204035929171746,0.0339465501577779}","normSum","MRM","{C,C,C}","{0,1,2}",True,NULL
5460,"ALEWt01","OxicEvo05Ecoli13CGlc","0","6pgc_c","6pgc_c_C6H12O10P_MRM","C6H12O10P-","{0.0551696763077954,0.624384274897436,0.0857357468713626,0.0445180501799419,0.0340548423875258,0.0118272536399594,0.144310155715979}","{10.4460418069379,1.15127323891547,5.23555173236367,6.14308958931512,5.47265622300696,5.99738824063087,6.42250960907226}","{0.00576304745186462,0.00718836906489058,0.00448873938057856,0.00273478370597009,0.00186370445115614,0.000709326318992512,0.00926833361772589}","normSum","MRM","{C,C,C,C,C,C}","{0,1,2,3,4,5}",True,NULL
5461,"ALEWt01","OxicEvo05Ecoli13CGlc","0","accoa_c","accoa_c_C23H37N7O17P3S_MRM","C23H37N7O17P3S-","{0.00120461237969357,0.00602097571698443,0.017987014523178,0.0431089026163447,0.0720803470639653,0.0992451784157512,0.124722513964674,0.133665332482107,0.126455033293309,0.107723877132735,0.091732157291785,0.0687275671207999,0.046057651080992,0.0285856368925781,0.0154704445594084,0.00871757370839558,0.00431357504733494,0.00190791461493084,0.00082496817576636,0.00034398925240439,0.000176263465941388,0.0002109394026014,0.000295848364292052,0.000514171543194939}","{14.1359484455194,8.1123563442575,9.38494637163237,10.3722482696307,8.24820355055556,6.53757227758468,7.46911999983387,4.2516095445066,3.07941757193401,7.75706983333944,9.19534342603807,5.90250752781518,7.54730071516362,5.01486557914461,6.8966517234048,8.49917105804109,6.70494719848488,15.3620419696457,21.5011494834269,24.136368854156,46.7873226270524,30.3016183724664,20.5721099308895,40.0519302602607}","{0.000170283384961827,0.00048844300556299,0.00168807166685798,0.0044713624056806,0.00594533374578276,0.0064882252709476,0.00931567423483106,0.00568292803350574,0.00389407851582916,0.00835621637636703,0.00843508689509305,0.00405664982298944,0.00347610942942327,0.00143353126510516,0.00106694268132482,0.000740921501587356,0.000289222929290827,0.00029309464389068,0.000177377640662225,8.30265147789773e-005,8.24689564836218e-005,6.39180527734367e-005,6.08622507308994e-005,0.000205935627898543}","normSum","MRM","{C,C,C,C,C,C,C,C,C,C,C,C,C,C,C,C,C,C,C,C,C,C,C}","{0,1,2,3,4,5,6,7,8,9,10,11,12,13,14,15,16,17,18,19,20,21,22}",True,NULL
5462,"ALEWt01","OxicEvo05Ecoli13CGlc","0","acon_DASH_C_c","acon_DASH_C_c_C5H5O4_MRM","C5H5O4-","{0.143954852356922,0.304133974471209,0.271825441757038,0.165894231044775,0.0881928973083757,0.0259986030616805}","{3.06242125069305,5.16411434055486,3.60148870794199,2.51166006201571,5.33301877418014,8.96646727242472}","{0.00440850398998218,0.0157058261901672,0.00978976259019315,0.00416669914633968,0.00470334377094909,0.00233115623481319}","normSum","MRM","{C,C,C,C,C}","{0,1,2,3,4}",True,NULL
5463,"ALEWt01","OxicEvo05Ecoli13CGlc","0","acon_DASH_C_c","acon_DASH_C_c_C6H5O6_MRM","C6H5O6-","{0.132753133273524,0.253483428821022,0.265086091091703,0.190856730758247,0.10282141600359,0.0452902428429343,0.00970895720898036}","{3.18912406985228,6.33674178889708,3.82597472640553,2.30632375527849,7.61037303711201,6.37516289395887,9.22010860035055}","{0.00423366212670903,0.0160625903620309,0.0101421268483849,0.00440177412002536,0.00782509331991399,0.00288732675630661,0.000895176398629553}","normSum","MRM","{C,C,C,C,C,C}","{0,1,2,3,4,5}",True,NULL
5464,"ALEWt01","OxicEvo05Ecoli13CGlc","0","akg_c","akg_c_C4H5O3_MRM","C4H5O3-","{0.167320809104743,0.334833033944712,0.291887921452582,0.158084990497774,0.0478732450001892}","{4.61427168361123,2.31768518426152,2.66188722897417,4.93212982479562,6.97584252728267}","{0.00772063671530936,0.00776037561974994,0.00776972730406444,0.00779695696486603,0.00333956218391342}","normSum","MRM","{C,C,C,C}","{0,1,2,3}",True,NULL
5465,"ALEWt01","OxicEvo05Ecoli13CGlc","0","akg_c","akg_c_C5H5O5_MRM","C5H5O5-","{0.152750999005677,0.277211501545449,0.283729802623966,0.190206060022225,0.0772923686690552,0.018809268133628}","{4.18823135829973,2.94960611899799,2.80601793182947,3.70857531728624,6.25635796192677,8.20367658833257}","{0.00639756524047187,0.00817664741215077,0.00796150913957285,0.00705393499396689,0.00483568726118823,0.00154305152631514}","normSum","MRM","{C,C,C,C,C}","{0,1,2,3,4}",True,NULL
6171,"ALEsKOs01","OxicEvo04pgiEcoli13CGlc","0","g6p_c","g6p_c_C6H12O9P_MRM","C6H12O9P-","{0.00914856131195596,0.711068192338839,0.0456482671517675,0.013260485231134,0.0059061696684904,0.0140217551863405,0.200946569111473}","{6.6902471181117,2.10632913945366,6.48463660600698,7.39391524799168,14.7255684063368,9.27551765884521,7.01947485234413}","{0.000612061359521816,0.0149774365366194,0.00296012424173138,0.000980469039462502,0.000869717054727869,0.00130059037838906,0.0141053938854282}","normSum","MRM","{C,C,C,C,C,C}","{0,1,2,3,4,5}",True,NULL
1879,"WTEColi_optTrDesign","6-13C","0","icit_c","icit_c_C6H7O7","C6H7O7-",NULL,NULL,NULL,"normSum","MRM","{C,C,C,C,C,C}","{0,1,2,3,4,5}",True,NULL
5466,"ALEWt01","OxicEvo05Ecoli13CGlc","0","amp_c","amp_c_C10H13N5O7P_MRM","C10H13N5O7P-","{0.0588014611608539,0.181305434036651,0.235322419361939,0.181531950192371,0.127628613173399,0.0930046441834457,0.0612711890672496,0.0380695776151517,0.0167965045098751,0.00503659394603497,0.00147793530363419}","{4.56585859923077,3.89927688976859,4.66267555871572,3.17472295516814,4.69629935773498,7.12597424362373,2.97538614050433,7.78713711815872,6.88721619163595,10.9331383767374,17.5585267109073}","{0.00268479157088619,0.00706960088928577,0.0109723209317676,0.0057631364937216,0.0059938217407484,0.00662748698988624,0.00182305446762915,0.00296453020919572,0.00115681157823298,0.000550657785594382,0.000259503665058538}","normSum","MRM","{C,C,C,C,C,C,C,C,C,C}","{0,1,2,3,4,5,6,7,8,9}",True,NULL
5467,"ALEWt01","OxicEvo05Ecoli13CGlc","0","asp_DASH_L_c","asp_DASH_L_c_C3H6NO2_MRM","C3H6NO2-","{0.336997847845607,0.361020005577003,0.191827770731658,0.110154375845732}","{5.72241952752559,7.58489570836918,7.1120721074444,7.60808171803973}","{0.019284430652458,0.0273829909093643,0.0136429293765386,0.00838063493033991}","normSum","MRM","{C,C,C}","{1,2,3}",True,NULL
5468,"ALEWt01","OxicEvo05Ecoli13CGlc","0","asp_DASH_L_c","asp_DASH_L_c_C4H6NO4_MRM","C4H6NO4-","{0.262039281531331,0.344870073821701,0.206975410817572,0.141703634281799,0.0444115995475969}","{6.61148982426227,7.78639111330656,3.26340863296645,9.55247548628252,9.3280636150697}","{0.0173247004340139,0.0268529327805067,0.00675445342473842,0.0135362049279403,0.00414274225826985}","normSum","MRM","{C,C,C,C}","{0,1,2,3}",True,NULL
5469,"ALEWt01","OxicEvo05Ecoli13CGlc","0","atp_c","atp_c_C10H15N5O13P3_MRM","C10H15N5O13P3-","{0.0723519266795922,0.182455879841764,0.212760679618439,0.178438948873817,0.131425015824759,0.0876017053828115,0.0620548324054719,0.0426331464016061,0.0201471241537755,0.00764864177256988,0.0024820990453937}","{9.20958673282174,6.53444123188851,3.35972415562158,5.36558581873037,8.15817845784099,4.78884240343732,8.8679499140329,11.6518118506513,13.0649682004989,16.2873735277782,24.3518037554629}","{0.00666331344042463,0.0119224722423852,0.00714817194680533,0.00957429493586506,0.0107218873292296,0.00419510761350631,0.00550299145695431,0.00496753400472786,0.0026322153640058,0.00124576285530013,0.000604435888550492}","normSum","MRM","{C,C,C,C,C,C,C,C,C,C}","{0,1,2,3,4,5,6,7,8,9}",True,NULL
5470,"ALEWt01","OxicEvo05Ecoli13CGlc","0","dhap_c","dhap_c_C3H6O6P_MRM","C3H6O6P-","{0.368173564425321,0.410540506653464,0.0371464896920844,0.18413943922913}","{4.15380885256355,3.8584878921464,8.53228080303804,3.08504133276875}","{0.0152932261118977,0.0158406557415804,0.00316944280900022,0.00568077781014726}","normSum","MRM","{C,C,C}","{0,1,2}",True,NULL
1447,"WTEColi_optTrDesign","1-13C80_U-13C20","0","akg_c","akg_c_C5H5O5","C5H5O5-",NULL,NULL,NULL,"normSum","MRM","{C,C,C,C,C}","{0,1,2,3,4}",True,NULL
5471,"ALEWt01","OxicEvo05Ecoli13CGlc","0","f6p_c","f6p_c_C6H12O9P_MRM","C6H12O9P-","{0.0277099765792946,0.502508041659749,0.0682587490192418,0.19164635301437,0.0695722613157453,0.0323198112642838,0.125049494402125}","{15.9718781343382,12.6835370447571,26.4211571879325,13.8016989002287,12.9232034671616,10.3502787920588,11.2694455728927}","{0.00442580369029859,0.0637357936167977,0.0180347513728902,0.0264504525963127,0.00899096488653912,0.0033451905709206,0.014092384710825}","normSum","MRM","{C,C,C,C,C,C}","{0,1,2,3,4,5}",True,NULL
5472,"ALEWt01","OxicEvo05Ecoli13CGlc","0","fad_c","fad_c_C27H32N9O15P2_MRM","C27H32N9O15P2-","{0.00370891973417624,0.0129175189207857,0.0310777184200452,0.0604501593408396,0.0840056732623998,0.0996410896106491,0.114657261504495,0.111778829658307,0.100784019409193,0.096531795702687,0.0776033258548547,0.0582271347760885,0.0429673015123594,0.0304550989320794,0.0179435884494412,0.0130773584807228,0.00845613393462336,0.00659060940468013,0.00442902323369334,0.00317833445361783,0.00304315438990761,0.00258724071471191,0.00234692059085628,0.00181019579482609,0.00195617176489286,0.00235520487654431,0.00339433411496519,0.00402588315755823}","{14.8363070808855,16.9140283244418,13.2179023861956,8.97049029282115,8.75805114817916,4.64135069685801,5.82870699123483,3.6419678079145,4.0912644883118,15.1672140308219,9.0981470971142,7.19945689591174,16.3102452592924,8.33112488743877,16.5312984658694,9.74347130077679,14.5663620251578,13.9101215576892,27.6230817727129,20.3704297624302,26.002556406195,29.0111918608399,26.558263567939,34.9655870142378,38.0211162050834,25.6382277960345,48.7123313303154,29.4810534887659}","{0.000550266721145949,0.00218487280907682,0.0041078224846183,0.00542267567566493,0.00735725983169324,0.00462469240700078,0.0066830358172709,0.00407094899221913,0.00412334079598159,0.0146411840620223,0.00706046473852754,0.00419203746992893,0.00700807225796547,0.00253725232662457,0.00296630816206439,0.00127418867046893,0.00123175108224946,0.000916761779583503,0.00122343270957556,0.00064744038748934,0.000791297936763326,0.000750589367646838,0.000623301356249842,0.00063294558576799,0.000743758339900945,0.000603832791311743,0.00165345928053977,0.00118687276707496}","normSum","MRM","{C,C,C,C,C,C,C,C,C,C,C,C,C,C,C,C,C,C,C,C,C,C,C,C,C,C,C}","{0,1,2,3,4,5,6,7,8,9,10,11,12,13,14,15,16,17,18,19,20,21,22,23,24,25,26}",True,NULL
5473,"ALEWt01","OxicEvo05Ecoli13CGlc","0","fdp_c","fdp_c_C6H13O12P2_MRM","C6H13O12P2-","{0.0557390934082826,0.465882783415656,0.150508460552186,0.107400941574209,0.0874747463273508,0.0173575581822909,0.115636416540025}","{3.95387781251848,2.23242828177162,2.26140054352247,1.68621223578179,3.41065220147215,10.7069502931191,5.37447737850792}","{0.00220385564716904,0.0104004990168759,0.00340359914497444,0.00181100781816916,0.00298345936134597,0.00185846512667711,0.00621485304826083}","normSum","MRM","{C,C,C,C,C,C}","{0,1,2,3,4,5}",True,NULL
5474,"ALEWt01","OxicEvo05Ecoli13CGlc","0","g6p_c","g6p_c_C6H12O9P_MRM","C6H12O9P-","{0.0299106618332392,0.621601136322303,0.073521593960564,0.0641692906660463,0.045559242682317,0.0199274351681967,0.162549348666301}","{19.335313777608,9.08000016189725,28.4401307777063,28.3787038131207,23.0727716387305,20.4768623145974,5.7905872489885}","{0.00578332031841604,0.0564413841844202,0.0209096374722386,0.0182104129370978,0.010511780024426,0.0040805134622223,0.00941256185718468}","normSum","MRM","{C,C,C,C,C,C}","{0,1,2,3,4,5}",True,NULL
5475,"ALEWt01","OxicEvo05Ecoli13CGlc","0","glu_DASH_L_c","glu_DASH_L_c_C5H6NO3_MRM","C5H6NO3-","{0.150201957144371,0.274095779446489,0.293315847171393,0.19483403326725,0.0687101901899349,0.0188421927805616}","{7.63307276377329,4.15867837446047,3.5782362092785,3.15981622648776,10.1208067142878,9.13112749975787}","{0.0114650246814414,0.01139876190515,0.0104955338510388,0.00615639739789913,0.00695402554214285,0.00172050464654325}","normSum","MRM","{C,C,C,C,C}","{0,1,2,3,4}",True,NULL
5476,"ALEWt01","OxicEvo05Ecoli13CGlc","0","glu_DASH_L_c","glu_DASH_L_c_C5H8NO4_MRM","C5H8NO4-","{0.150201957144371,0.274095779446489,0.293315847171393,0.19483403326725,0.0687101901899349,0.0188421927805616}","{7.63307276377329,4.15867837446047,3.5782362092785,3.15981622648776,10.1208067142878,9.13112749975787}","{0.0114650246814414,0.01139876190515,0.0104955338510388,0.00615639739789913,0.00695402554214285,0.00172050464654325}","normSum","MRM","{C,C,C,C,C}","{0,1,2,3,4}",True,NULL
5477,"ALEWt01","OxicEvo05Ecoli13CGlc","0","glyc3p_c","glyc3p_c_C3H8O6P_MRM","C3H8O6P-","{0.358038332654411,0.422351428369421,0.0391864337963438,0.180423805179824}","{2.507420954588,3.30076585568676,8.55138345539977,4.33701569696458}","{0.00897752817843419,0.0139408317386232,0.00335098221642173,0.00782500875170976}","normSum","MRM","{C,C,C}","{0,1,2}",True,NULL
5478,"ALEWt01","OxicEvo05Ecoli13CGlc","0","glyclt_c","glyclt_c_C2H3O3_MRM","C2H3O3-","{0.468919024527505,0.326582274623133,0.204498700849362}","{1.83200324634545,1.60418793128533,3.82518964271455}","{0.00859061175207531,0.00523899343522141,0.00782246312437561}","normSum","MRM","{C,C}","{0,1}",True,NULL
5479,"ALEWt01","OxicEvo05Ecoli13CGlc","0","glyclt_c","glyclt_c_CH3O2_MRM","CH3O2-","{0.551711812615814,0.448288187384186}","{1.59735852633679,1.96588175366604}","{0.00881281567962596,0.00881281567962594}","normSum","MRM","{C}","{0}",True,NULL
5480,"ALEWt01","OxicEvo05Ecoli13CGlc","0","glc_DASH_D_c","glc_DASH_D_c_C2H3O2_MRM","C2H3O2-","{0.640488557752547,0.149281492546022,0.210229949701432}","{2.42327351069794,5.84753476937889,4.25636933692772}","{0.0155207895590687,0.00872928718087639,0.00894816311613032}","normSum","MRM","{C,C}","{4,5}",True,NULL
5481,"ALEWt01","OxicEvo05Ecoli13CGlc","0","glc_DASH_D_c","glc_DASH_D_c_C6H11O6_MRM","C6H11O6-","{0.0130145775486511,0.729450942972944,0.0397753298588712,0.0110744219518486,0.00263885114765334,0.0127810189564035,0.195603050079846}","{8.81296468509924,1.4878867657582,8.43347222529076,6.14574480727838,19.1111053356124,4.95725445032912,4.50010536453042}","{0.00114697012327748,0.0108534040431928,0.00335444139616569,0.000680605712041832,0.000504313622478046,0.000633587631013721,0.00880234334982827}","normSum","MRM","{C,C,C,C,C,C}","{0,1,2,3,4,5}",True,NULL
5482,"ALEWt01","OxicEvo05Ecoli13CGlc","0","icit_c","icit_c_C5H3O3_MRM","C5H3O3-","{0.158687244171931,0.296422463795516,0.257608707674545,0.182696331838756,0.082621864348203,0.02196338817105}","{4.04997723828434,4.57288900758086,3.60143855574984,4.12755216278791,5.12008692691194,3.08636046863425}","{0.0064267972690239,0.0135550702629055,0.00927761932115996,0.00754088639614475,0.00423031127526326,0.000677869330083978}","normSum","MRM","{C,C,C,C,C}","{0,1,2,3,4}",True,NULL
5483,"ALEWt01","OxicEvo05Ecoli13CGlc","0","icit_c","icit_c_C6H7O7_MRM","C6H7O7-","{0.136715048282611,0.255339187406324,0.241888529217991,0.207179132559591,0.108469441705986,0.0419303303804498,0.00847833044704627}","{4.37858079591255,5.22164479833362,2.81062336739078,4.40518009726426,5.37332941452923,5.43249544451938,7.51548290204117}","{0.00598617884922497,0.0133329053973097,0.00679857552523873,0.00912661391319984,0.00582842041696338,0.00227786328778986,0.000637187475126313}","normSum","MRM","{C,C,C,C,C,C}","{0,1,2,3,4,5}",True,NULL
5484,"ALEWt01","OxicEvo05Ecoli13CGlc","0","mal_DASH_L_c","mal_DASH_L_c_C4H3O4_MRM","C4H3O4-","{0.255532650821304,0.347760440479734,0.222531447811407,0.135387857708201,0.0387876031793529}","{1.27539315995796,1.68379926854877,2.88044319662539,1.62586523561763,7.95784267494146}","{0.00325904595003417,0.00585558775309974,0.00640989194883565,0.0022012241117251,0.0030866564383935}","normSum","MRM","{C,C,C,C}","{0,1,2,3}",True,NULL
1415,"WTEColi_optTrDesign","1-13C80_U-13C20","0","accoa_c","accoa_c_C10H11N5O6P","C10H11N5O6P-",NULL,NULL,NULL,"normSum","EPI","{C,C,C,C,C,C,C,C,C,C}","{0,1,2,3,4,5,6,7,8,9}",False,NULL
5485,"ALEWt01","OxicEvo05Ecoli13CGlc","0","mal_DASH_L_c","mal_DASH_L_c_C4H5O5_MRM","C4H5O5-","{0.255532650821304,0.347760440479734,0.222531447811407,0.135387857708201,0.0387876031793529}","{1.27539315995796,1.68379926854877,2.88044319662539,1.62586523561763,7.95784267494146}","{0.00325904595003417,0.00585558775309974,0.00640989194883565,0.0022012241117251,0.0030866564383935}","normSum","MRM","{C,C,C,C}","{0,1,2,3}",True,NULL
1482,"WTEColi_optTrDesign","1-13C80_U-13C20","0","thr_DASH_L_c","thr_DASH_L_c_C4H8NO3","C4H8NO3-",NULL,NULL,NULL,"normSum","MRM","{C,C,C,C}","{0,1,2,3}",True,NULL
5486,"ALEWt01","OxicEvo05Ecoli13CGlc","0","met_DASH_L_c","met_DASH_L_c_C5H10NO2S_MRM","C5H10NO2S-","{0.128316705993791,0.317599234941699,0.272156542137269,0.174814416678839,0.0844375705457809,0.0226755297026209}","{4.09287286392314,4.68317376853833,2.80195220449596,4.70672208852615,6.09872652990251,12.2946000130337}","{0.00525183963949991,0.0148737240598681,0.00762569623209518,0.00822802876375106,0.00514961651608069,0.00278786567777389}","normSum","MRM","{C,C,C,C,C}","{0,1,2,3,4}",True,NULL
5487,"ALEWt01","OxicEvo05Ecoli13CGlc","0","met_DASH_L_c","met_DASH_L_c_CH3S_MRM","CH3S-","{0.514584309382409,0.485415690617591}","{1.29627522964944,1.37416838126928}","{0.00667042893818681,0.00667042893818685}","normSum","MRM","{C}","{4}",True,NULL
1449,"WTEColi_optTrDesign","1-13C80_U-13C20","0","asp_DASH_L_c","asp_DASH_L_c_C3H6NO2","C3H6NO2-",NULL,NULL,NULL,"normSum","MRM","{C,C,C}","{1,2,3}",True,NULL
5488,"ALEWt01","OxicEvo05Ecoli13CGlc","0","pep_c","pep_c_C3H4O6P_MRM","C3H4O6P-","{0.454073606580449,0.341634680252212,0.0342697503018403,0.170021962865498}","{2.91840312597773,2.45818247027329,12.2468646926796,5.04798331643454}","{0.0132516983286836,0.00839800382233408,0.00419696994998554,0.00858268031972487}","normSum","MRM","{C,C,C}","{0,1,2}",True,NULL
5489,"ALEWt01","OxicEvo05Ecoli13CGlc","0","phe_DASH_L_c","phe_DASH_L_c_C9H10NO2_MRM","C9H10NO2-","{0.125546623390961,0.212434406902272,0.187278605835542,0.172400751898859,0.117847164276218,0.093403000794166,0.0565821538050509,0.0198222374923521,0.023458255873962,0.00886778300279585}","{11.5951865978479,11.5111237801093,7.27795769692896,11.5838249863674,21.2869954693454,25.8281072647438,18.6511920159562,49.7332911455788,16.0244581712814,8.31963195514262}","{0.0145573652494793,0.0244535875300616,0.0136300577081091,0.0199706013751453,0.0250861205202306,0.0241242272336067,0.0105532461529437,0.00985825108363955,0.0037590584002352,0.000737766908413309}","normSum","MRM","{C,C,C,C,C,C,C,C,C}","{0,1,2,3,4,5,6,7,8}",True,NULL
5490,"ALEWt01","OxicEvo05Ecoli13CGlc","0","phe_DASH_L_c","phe_DASH_L_c_C9H7O2_MRM","C9H7O2-","{0.125546623390961,0.212434406902272,0.187278605835542,0.172400751898859,0.117847164276218,0.093403000794166,0.0565821538050509,0.0198222374923521,0.023458255873962,0.00886778300279585}","{11.5951865978479,11.5111237801093,7.27795769692896,11.5838249863674,21.2869954693454,25.8281072647438,18.6511920159562,49.7332911455788,16.0244581712814,8.31963195514262}","{0.0145573652494793,0.0244535875300616,0.0136300577081091,0.0199706013751453,0.0250861205202306,0.0241242272336067,0.0105532461529437,0.00985825108363955,0.0037590584002352,0.000737766908413309}","normSum","MRM","{C,C,C,C,C,C,C,C,C}","{0,1,2,3,4,5,6,7,8}",True,NULL
5491,"ALEWt01","OxicEvo05Ecoli13CGlc","0","phpyr_c","phpyr_c_C7H7_MRM","C7H7-","{0.12330720063871,0.282234614898083,0.241274863592323,0.144859018221989,0.0913593189090916,0.0715715152429608,0.0348801134529895,0.0105133550438535}","{5.20404701231104,1.71147940992732,3.06732868572439,2.23287966251532,2.1371609116149,0.761629123882888,4.31340364563683,9.6271447450318}","{0.00641696469080317,0.00483038732166836,0.00740069310240972,0.00323452755719815,0.00195249565284271,0.00054510950449467,0.00150452008528351,0.00101213590763088}","normSum","MRM","{C,C,C,C,C,C,C}","{2,3,4,5,6,7,8}",True,NULL
5492,"ALEWt01","OxicEvo05Ecoli13CGlc","0","phpyr_c","phpyr_c_C9H7O3_MRM","C9H7O3-","{0.113531220276659,0.221986434937005,0.193119965263922,0.163774551607211,0.130285060346816,0.0936568526173022,0.0447925462562448,0.0247860083851507,0.0100059113221915,0.00406144898749739}","{5.62757264012238,2.58726575840528,3.7673689988646,2.25957697876934,2.44105241936217,2.64785007027293,2.05007898643451,5.44913871912978,13.7107714570438,12.6615949235804}","{0.00638905189028633,0.00574337901942975,0.00727554170197108,0.00370061206519925,0.00318032661766342,0.00247989303784265,0.000918282578288232,0.001350623979842,0.00137188763358015,0.000514244218824777}","normSum","MRM","{C,C,C,C,C,C,C,C,C}","{0,1,2,3,4,5,6,7,8}",True,NULL
5493,"ALEWt01","OxicEvo05Ecoli13CGlc","0","3pg_c","3pg_c_C3H6O7P_MRM","C3H6O7P-","{0.437635542071223,0.349712102264307,0.0380315980343772,0.174620757630093}","{5.36771947433996,5.54105029218078,12.8008612811856,5.39605879925881}","{0.0234910482183903,0.0193777234643079,0.00486837210739874,0.00942263875743103}","normSum","MRM","{C,C,C}","{0,1,2}",True,NULL
5494,"ALEWt01","OxicEvo05Ecoli13CGlc","0","prpp_c","prpp_c_C5H12O14P3_MRM","C5H12O14P3-","{0.316436864816305,0.221118728815815,0.141273854320474,0.129364322760896,0.0666895536569687,0.125116675629541}","{5.70984659354982,12.5677516603713,26.8468137242815,5.04386178799555,13.7314919752488,10.669632861454}","{0.0180680595464496,0.0277896527121415,0.0379275285105305,0.00652495764303606,0.0091574707087359,0.0133494899381283}","normSum","MRM","{C,C,C,C,C}","{0,1,2,3,4}",True,NULL
5495,"ALEWt01","OxicEvo05Ecoli13CGlc","0","pyr_c","pyr_c_C3H3O3_MRM","C3H3O3-","{0.437794641843843,0.283848248988389,0.0667984949565397,0.211558614211229}","{11.5564066252037,22.6766697120945,43.2717477084949,17.2531736861798}","{0.0505933289948287,0.0643673299066606,0.0289048762106655,0.0365005751579384}","normSum","MRM","{C,C,C}","{0,1,2}",True,NULL
5496,"ALEWt01","OxicEvo05Ecoli13CGlc","0","r5p_c","r5p_c_C5H10O8P_MRM","C5H10O8P-","{0.468667959504235,0.182784784710086,0.0975522368127276,0.174549537631163,0,0.0764454813417877}","{7.01542141432567,10.6362889889786,16.1200364513908,13.5484448699668,0,13.8645504125837}","{0.0328790323931433,0.0194415179296471,0.0157254561333588,0.0236487478767401,0,0.0105988222987744}","normSum","MRM","{C,C,C,C,C}","{0,1,2,3,4}",True,NULL
5497,"ALEWt01","OxicEvo05Ecoli13CGlc","0","ru5p_DASH_D_c","ru5p_DASH_D_c_C5H10O8P_MRM","C5H10O8P-","{0.339289673398831,0.27037924105892,0.162866193873739,0.145190437468604,0,0.0822744541999055}","{12.2974694498046,8.33082656825805,20.5192861387621,16.6083061523804,0,22.8705380323852}","{0.041724043932563,0.022524825649191,0.0334189803442635,0.0241136723587662,0,0.0188166103387267}","normSum","MRM","{C,C,C,C,C}","{0,1,2,3,4}",True,NULL
5498,"ALEWt01","OxicEvo05Ecoli13CGlc","0","s7p_c","s7p_c_C7H14O10P_MRM","C7H14O10P-","{0.212393173508146,0.344343978684895,0.185050360992437,0.153115023332425,0,0.0760408276903023,0,0.0290566357917942}","{10.474958442935,5.98960878731455,11.8441659185398,2.532482473372,0,11.5908651259047,0,30.0135053684205}","{0.0222480966606091,0.020624857205899,0.0219176717888011,0.00387761112999311,0,0.00881378977820453,0,0.00872091494325255}","normSum","MRM","{C,C,C,C,C,C,C}","{0,1,2,3,4,5,6}",True,NULL
5499,"ALEWt01","OxicEvo05Ecoli13CGlc","0","skm_c","skm_c_C6H5O_MRM","C6H5O-","{0.189745924389844,0.141826937265222,0.120596296312618,0.0312270835362338,0.0167524685426203,0.0336098616612437,0.466241428292219}","{6.88773738816428,8.49568952904614,26.0312242126381,29.6987988917385,48.4450414677029,39.4284961072484,9.43363343840294}","{0.0130692009767172,0.0120491762586083,0.031392692285275,0.00927406873918126,0.00811574033233629,0.013251862996755,0.0439835072830622}","normSum","MRM","{C,C,C,C,C,C}","{1,2,3,4,5,6}",True,NULL
5500,"ALEWt01","OxicEvo05Ecoli13CGlc","0","skm_c","skm_c_C7H9O5_MRM","C7H9O5-","{0.412117527866934,0.0231187092651254,0.0649124729144776,0,0,0.0217929538151508,0.481690495107504,0}","{6.60299233763575,23.3276047944046,31.2510979233979,0,0,30.1923785385441,9.19985786810046,0}","{0.0272120887871075,0.00539304113093585,0.0202858604750025,0,0,0.00657981111060042,0.0443148409140398,0}","normSum","MRM","{C,C,C,C,C,C,C}","{0,1,2,3,4,5,6}",True,NULL
5501,"ALEWt01","OxicEvo05Ecoli13CGlc","0","succ_c","succ_c_C4H3O3_MRM","C4H3O3-","{0.208618738433432,0.316044042961746,0.30195568924854,0.142997533776902,0.0303839955793797}","{5.82076806060052,4.29403845803917,3.86556053774881,2.51815614426044,10.660746523209}","{0.012143212895161,0.0135710527491192,0.011672279965079,0.00360090118294396,0.0032391607523407}","normSum","MRM","{C,C,C,C}","{0,1,2,3}",True,NULL
5502,"ALEWt01","OxicEvo05Ecoli13CGlc","0","succ_c","succ_c_C4H5O4_MRM","C4H5O4-","{0.208618738433432,0.316044042961746,0.30195568924854,0.142997533776902,0.0303839955793797}","{5.82076806060052,4.29403845803917,3.86556053774881,2.51815614426044,10.660746523209}","{0.012143212895161,0.0135710527491192,0.011672279965079,0.00360090118294396,0.0032391607523407}","normSum","MRM","{C,C,C,C}","{0,1,2,3}",True,NULL
5503,"ALEWt01","OxicEvo05Ecoli13CGlc","0","thr_DASH_L_c","thr_DASH_L_c_C2H4NO2_MRM","C2H4NO2-","{0.561544155131097,0.255011553976199,0.183444290892704}","{6.94653818271699,10.1284265067188,8.09381835061698}","{0.0390078791489972,0.0258286578281209,0.0148476476794329}","normSum","MRM","{C,C}","{0,1}",True,NULL
1615,"WTEColi_optTrDesign","2-13C","0","pyr_c","pyr_c_C3H3O3","C3H3O3-",NULL,NULL,NULL,"normSum","MRM","{C,C,C}","{0,1,2}",True,NULL
5504,"ALEWt01","OxicEvo05Ecoli13CGlc","0","thr_DASH_L_c","thr_DASH_L_c_C4H8NO3_MRM","C4H8NO3-","{0.273249275795774,0.30346858741099,0.242666401446593,0.132349885744361,0.0482658496022816}","{11.856717264421,5.75258047750071,6.61996893163991,10.3092289947264,14.4545825849618}","{0.0323983940581829,0.0174572747147518,0.016064440383293,0.0136442527956449,0.00697662709109525}","normSum","MRM","{C,C,C,C}","{0,1,2,3}",True,NULL
1450,"WTEColi_optTrDesign","1-13C80_U-13C20","0","asp_DASH_L_c","asp_DASH_L_c_C4H6NO4","C4H6NO4-",NULL,NULL,NULL,"normSum","MRM","{C,C,C,C}","{0,1,2,3}",True,NULL
5505,"ALEWt01","OxicEvo05Ecoli13CGlc","0","ump_c","ump_c_C9H12N2O9P_MRM","C9H12N2O9P-","{0.0723032167621826,0.139750815803889,0.190827241488342,0.187305377429434,0.146616088669561,0.107953703250135,0.0735391242469275,0.056070943517003,0.0256334888325264,0}","{16.0888147109543,22.0907222975472,7.99181867614903,11.4055982502812,12.8997241801496,18.0575395855469,9.37295838724658,9.45108033259751,13.793372438073,0}","{0.0116327305749272,0.0308719646277938,0.0152505671244453,0.0213632988507741,0.0189130710420969,0.019493782698457,0.00689279151401007,0.00529930991503733,0.00353572258354222,0}","normSum","MRM","{C,C,C,C,C,C,C,C,C}","{0,1,2,3,4,5,6,7,8}",True,NULL
5506,"ALEWt01","OxicEvo10Ecoli13CGlc","0","6pgc_c","6pgc_c_C6H10O9P_EPI","C6H10O9P-","{0.0465617981964095,0.744629145477811,0.0905500850032395,0.044743383590019,0.0325953582329537,0.0168565205768854,0.155689799728544}","{0,6.82946182429432,7.01770260543769,13.2305670232382,2.7366519565624,8.2235116182205,4.00863827094387}","{0,0.0508541632229761,0.00635453567449838,0.00591980335434203,0.000892021508830651,0.0013861979280679,0.00624104089587428}","normSum","EPI","{C,C,C,C,C,C}","{0,1,2,3,4,5}",True,NULL
5507,"ALEWt01","OxicEvo10Ecoli13CGlc","0","6pgc_c","6pgc_c_C6H12O10P_EPI","C6H12O10P-","{0.044915044463801,0.716323787119052,0.0871310173251643,0.0450758968005868,0.035727909453797,0.0170465531187868,0.111399154082954}","{13.1105019840996,7.64256321027731,8.15933166671734,9.97437969231663,14.9939476165576,7.41622596780258,57.5740542845001}","{0.00588858779558585,0.0547454982208258,0.0071093086881451,0.00449604109660733,0.00535702402799345,0.00126421089901073,0.0641370094441938}","normSum","EPI","{C,C,C,C,C,C}","{0,1,2,3,4,5}",True,NULL
5508,"ALEWt01","OxicEvo10Ecoli13CGlc","0","accoa_c","accoa_c_C10H12N5O9P2_EPI","C10H12N5O9P2-","{0.0448705828247697,0.17656242497895,0.228327630131939,0.196639611973383,0.169330798425086,0.0856348794367731,0.0616168263880085,0.0325463351971718,0.00745151773986692,0,0}","{28.1612513359827,12.7045288810158,9.62635599725787,3.37396199479132,4.5326326900859,28.5863227754793,26.7265802884043,28.1484297692281,50.4854798693716,0,0}","{0.0126361176052037,0.0224314242744726,0.0219796305166027,0.00663454577468706,0.00767514312379891,0.0244798630441885,0.0164680705757578,0.00916128230543347,0.00376193448852317,0,0}","normSum","EPI","{C,C,C,C,C,C,C,C,C,C}","{0,1,2,3,4,5,6,7,8,9}",True,NULL
5509,"ALEWt01","OxicEvo10Ecoli13CGlc","0","accoa_c","accoa_c_C10H14N5O10P2_EPI","C10H14N5O10P2-","{0.0383735153182698,0.164730780476821,0.235101844763141,0.223724603339477,0.137305846957609,0.0928354559560356,0.0722937431307368,0.0340337365302871,0.0153252886119864,0.0113855269444247,0}","{40.3937914123939,24.1573198337474,13.5676717860509,10.3018336003553,18.4355703143406,38.8960158976514,21.7319467436384,44.4326045649406,51.4308072223344,0,0}","{0.0155005177352649,0.039794541504414,0.0318978466604139,0.0230477363590879,0.0253131159615709,0.0361092937073168,0.0157108377561545,0.0151220755711762,0.00788191964229709,0,0}","normSum","EPI","{C,C,C,C,C,C,C,C,C,C}","{0,1,2,3,4,5,6,7,8,9}",True,NULL
5510,"ALEWt01","OxicEvo10Ecoli13CGlc","0","accoa_c","accoa_c_C13H23N2O10P2S_EPI","C13H23N2O10P2S-","{0,0.0129313792316483,0.0658163525067673,0.152755161282882,0.236070937273799,0.215040707677833,0.153330249753033,0.113456972761835,0.0546969008109341,0.026779418988655,0.0102263388623535,0.00493193726871554,0,0}","{0,39.7954215054961,26.1852301889459,18.0027848843588,18.6622388150232,11.8162202332486,15.0821380893719,35.3628901757661,20.9996538051146,28.307248307963,35.9951232265307,27.5559052430382,0,0}","{0,0.00514609687170862,0.0172341634058651,0.0275001830855126,0.0440561220869,0.0254096836103491,0.0231254800005313,0.0401216646745166,0.0114861598124231,0.00758051662854837,0.00368098327506674,0.00135903996041334,0,0}","normSum","EPI","{C,C,C,C,C,C,C,C,C,C,C,C,C}","{10,11,12,13,14,15,16,17,18,19,20,21,22}",True,NULL
5511,"ALEWt01","OxicEvo10Ecoli13CGlc","0","acon_DASH_C_c","acon_DASH_C_c_C4H3O4_EPI","C4H3O4-","{0.542763684848357,0.336888081788701,0.108397229687596,0.0175871763807158,0.00135731652921487}","{6.02051030029242,4.20962064266979,17.6075825799019,84.646989212853,0}","{0.032677143552542,0.0141817102336714,0.0190861317315694,0.0148870152938299,0}","normSum","EPI","{C,C,C,C}","{2,3,4,5}",True,NULL
